{"stat.useItem.minecraft.bow":65,"stat.useItem.thebetweenlands.frog_legs_raw":1,"stat.leaveGame":11,"stat.pickup.harvestcraft.soybeanitem":1,"stat.pickup.ebwizardry.spell_book":9,"stat.mineBlock.minecraft.sandstone":43,"stat.craftItem.minecraft.string":8,"stat.killEntity.thebetweenlands.frog":1,"stat.mineBlock.minecraft.web":65,"stat.pickup.xreliquary.mob_ingredient":17,"stat.useItem.dungeontactics.master_cutlass_pierce":308,"stat.drop.spartanweaponry.greatsword_iron":3,"stat.pickup.rustic.cloudsbluff":1,"stat.pickup.minecraft.rotten_flesh":69,"stat.useItem.heroicarmory.terrariakatana":129,"stat.drop.minecraft.leather_boots":1,"stat.killEntity.Enderman":1,"stat.drop.ebwizardry.spell_book":3,"stat.pickup.quark.tallow":24,"stat.pickup.embers.archaic_bricks":2,"stat.useItem.minecraft.iron_pickaxe":155,"stat.pickup.minecraft.stained_hardened_clay":2,"stat.craftItem.minecraft.wooden_pickaxe":1,"stat.craftItem.minecraft.bed":1,"stat.mineBlock.minecraft.vine":7,"stat.mineBlock.embers.archaic_bricks":4,"stat.furnaceInteraction":77,"stat.killEntity.ZombieVillager":2,"stat.pickup.minecraft.beef":6,"stat.useItem.harvestcraft.eggplantitem":1,"stat.pickup.randomthings.slimecube":1,"stat.pickup.extrautils2.fakecopy":1,"stat.mineBlock.minecraft.stained_hardened_clay":2,"stat.mineBlock.harvestcraft.tropicalgarden":2,"stat.drop.subterraneanswitcheroo.coalron":1,"stat.pickup.thaumcraft.crystal_essence":150,"stat.pickup.minecraft.emerald":2,"stat.deaths":3,"stat.pickup.harvestcraft.arrowrootitem":2,"stat.craftItem.minecraft.iron_pickaxe":1,"stat.drop.minecraft.iron_ingot":3,"stat.mineBlock.minecraft.tallgrass":13,"stat.craftItem.minecraft.cooked_mutton":9,"stat.pickup.dungeontactics.bag_food":2,"stat.pickup.minecraft.cooked_mutton":9,"stat.chestOpened":256,"stat.pickup.minecraft.arrow":14,"stat.pickup.minecraft.iron_sword":2,"stat.pickup.dungeontactics.bag_ore":2,"stat.useItem.rustic.cloudsbluff":1,"stat.drop.tombstone.lost_tablet":1,"stat.crouchOneCm":3081,"stat.craftItem.skewers.skewer_beef_cooked":6,"stat.craftItem.minecraft.iron_ingot":20,"stat.craftingTableInteraction":25,"stat.mineBlock.minecraft.log2":2,"stat.mineBlock.randomthings.beanpod":1,"stat.pickup.minecraft.dye":14,"stat.pickup.minecraft.planks":56,"stat.pickup.openblocks.technicolor_glasses":1,"stat.mineBlock.minecraft.dirt":16,"stat.killEntity.pvj_duck":4,"stat.useItem.minecraft.bread":46,"stat.killEntity.pvj_shade":3,"stat.drop.minecraft.rotten_flesh":1,"stat.useItem.minecraft.cobblestone":35,"stat.mineBlock.thaumcraft.crystal_aer":18,"stat.pickup.minecraft.iron_pickaxe":1,"stat.mineBlock.embers.ore_silver":1,"stat.drop.minecraft.sapling":2,"stat.pickup.minecraft.apple":1,"stat.pickup.roughtweaks.salve":1,"stat.pickup.improvedbackpacks.backpack":30,"stat.craftItem.minecraft.planks":44,"stat.useItem.minecraft.iron_sword":26,"stat.mineBlock.thaumcraft.crystal_ordo":8,"stat.pickup.minecraft.stone_sword":1,"stat.mineBlock.minecraft.log":11,"stat.pickup.embers.ancient_motive_core":2,"stat.pickup.dungeontactics.bag_quiver":2,"stat.killEntity.pvj_ghost":6,"stat.pickup.minecraft.red_flower":1,"stat.pickup.minecraft.wool":9,"stat.mineBlock.thaumcraft.ore_cinnabar":1,"stat.cakeSlicesEaten":4,"stat.drop.minecraft.pumpkin":1,"stat.pickup.tropicraft.pineapple_cubes":4,"stat.mineBlock.minecraft.cobblestone":4,"stat.mineBlock.minecraft.pumpkin":4,"stat.useItem.minecraft.skull":6,"stat.pickup.minecraft.leather_chestplate":1,"stat.drop.minecraft.record_blocks":1,"stat.pickup.pvj.clam":1,"stat.drop.minecraft.cobblestone":1,"stat.pickup.minecraft.bow":1,"stat.craftItem.minecraft.furnace":1,"stat.craftItem.minecraft.lapis_block":1,"stat.pickup.harvestcraft.bambooshootitem":1,"stat.pickup.minecraft.pumpkin_pie":1,"stat.craftItem.minecraft.iron_boots":1,"stat.pickup.minecraft.coal_ore":1,"stat.craftItem.minecraft.cooked_beef":6,"stat.mineBlock.minecraft.obsidian":6,"stat.craftItem.improvedbackpacks.bound_leather":4,"stat.mineBlock.minecraft.lit_pumpkin":1,"stat.flyOneCm":275898,"stat.pickup.minecraft.sandstone":53,"stat.timeSinceDeath":13814,"stat.craftItem.ebwizardry.magic_crystal":80,"stat.useItem.minecraft.potato":1,"stat.pickup.minecraft.chainmail_helmet":2,"stat.mineBlock.minecraft.coal_ore":24,"stat.killEntity.Creeper":5,"stat.talkedToVillager":3,"stat.pickup.extrautils2.ingredients":1,"stat.pickup.minecraft.string":164,"stat.pickup.ebwizardry.magic_wand":1,"stat.pickup.tombstone.crafting_ingredient":11,"stat.useItem.minecraft.written_book":2,"stat.sprintOneCm":1000279,"stat.mineBlock.minecraft.stone_slab":4,"stat.pickup.embers.ore_silver":1,"stat.mineBlock.dungeontactics.silver_ore":1,"stat.mineBlock.minecraft.diamond_ore":19,"stat.useItem.skewers.skewer_beef_cooked":1,"stat.killEntity.Zombie":65,"stat.pickup.dungeontactics.magic_powder":14,"stat.diveOneCm":32145,"stat.mineBlock.minecraft.mossy_cobblestone":3,"stat.pickup.tropicraft.pineapple":3,"stat.craftItem.minecraft.cooked_porkchop":22,"stat.pickup.minecraft.obsidian":6,"stat.useItem.harvestcraft.coffeebeanitem":1,"stat.entityKilledBy.pvj_skeletal_knight":2,"stat.useItem.minecraft.rotten_flesh":1,"stat.jump":2746,"stat.useItem.minecraft.sand":5,"stat.mineBlock.dungeontactics.flower_fade":3,"stat.pickup.minecraft.coal":24,"stat.pickup.uniquecrops.seednormal":1,"stat.pickup.minecraft.iron_ingot":25,"stat.pickup.minecraft.gunpowder":1,"stat.pickup.minecraft.dirt":60,"stat.mineBlock.minecraft.lapis_ore":2,"stat.pickup.minecraft.iron_axe":1,"stat.mineBlock.subterraneanswitcheroo.coalronore":1,"stat.damageTaken":6462,"stat.pickup.ebwizardry.scroll":1,"stat.mineBlock.minecraft.torch":1,"stat.mineBlock.dungeontactics.flower_bramble":5,"stat.pickup.ebwizardry.crystal_flower":40,"stat.mineBlock.minecraft.sandstone_stairs":2,"stat.pickup.minecraft.bed":9,"stat.killEntity.hippogryph":1,"stat.mineBlock.randomthings.glowingmushroom":1,"stat.entityKilledBy.Zombie":1,"stat.killEntity.Silverfish":1,"stat.useItem.minecraft.air":86,"stat.pickup.cyclicmagic.corrupted_chorus":1,"stat.useItem.minecraft.melon":1,"stat.pickup.minecraft.baked_potato":19,"stat.craftItem.improvedbackpacks.backpack":1,"stat.pickup.minecraft.ender_pearl":3,"stat.pickup.dungeontactics.silver_ore":1,"stat.pickup.minecraft.cooked_beef":1,"stat.mineBlock.minecraft.stonebrick":2,"stat.pickup.subterraneanswitcheroo.coalron":1,"stat.mineBlock.waystones.waystone":2,"stat.mineBlock.minecraft.glowstone":1,"stat.mobKills":203,"stat.killEntity.pvj_clam":1,"stat.drop.ebwizardry.basic_necromancy_wand":1,"stat.pickup.randomthings.glowingmushroom":2,"stat.pickup.minecraft.diamond":27,"stat.useItem.harvestcraft.kohlrabiitem":1,"stat.pickup.minecraft.torch":1,"stat.pickup.thaumcraft.brain":5,"stat.mineBlock.rustic.wind_thistle":1,"stat.pickup.dungeontactics.bag_magic":2,"stat.pickup.cyclicmagic.evoker_fang":4,"stat.mineBlock.ebwizardry.crystal_flower":40,"stat.pickup.dungeontactics.cherry_bomb":3,"stat.pickup.pvj.slime_droplet":8,"stat.useItem.minecraft.mutton":1,"stat.pickup.minecraft.glowstone_dust":2,"stat.pickup.minecraft.porkchop":25,"stat.drop.cyclicmagic.evoker_fang":3,"stat.pickup.minecraft.glass":9,"stat.useItem.harvestcraft.soybeanitem":1,"stat.pickup.minecraft.sand":12,"stat.pickup.iceandfire.bestiary":1,"stat.pickup.pvj.spectral_wrappings":6,"stat.craftItem.minecraft.stone_sword":1,"stat.pickup.minecraft.chainmail_chestplate":1,"stat.mineBlock.minecraft.sand":6,"stat.pickup.pvj.raw_duck":4,"stat.craftItem.minecraft.cooked_fish":1,"stat.pickup.minecraft.ghast_tear":1,"stat.pickup.spartanweaponry.greatsword_iron":4,"stat.trappedChestTriggered":6,"stat.useItem.harvestcraft.arrowrootitem":2,"stat.pickup.embers.archaic_brick":9,"stat.craftItem.improvedbackpacks.tanned_leather":4,"stat.pickup.minecraft.furnace":1,"stat.drop.minecraft.stained_hardened_clay":2,"stat.pickup.minecraft.iron_chestplate":1,"stat.pickup.minecraft.skull":8,"stat.killEntity.pvj_small_spider":6,"stat.craftItem.pvj.cooked_duck":1,"stat.mineBlock.tropicraft.pineapple":3,"stat.pickup.thaumcraft.nugget":2,"stat.useItem.minecraft.pumpkin_pie":2,"stat.playOneMinute":452362,"stat.killEntity.pvj_snail":6,"stat.pickup.minecraft.iron_bars":6,"stat.useItem.minecraft.fish":1,"stat.pickup.harvestcraft.coffeebeanitem":1,"stat.pickup.levelup2.skillbook":1,"stat.useItem.minecraft.experience_bottle":19,"stat.fallOneCm":33178,"stat.craftItem.minecraft.chest":2,"stat.pickup.minecraft.red_mushroom":1,"stat.mineBlock.dungeontactics.flower_tangle":3,"stat.pickup.minecraft.feather":3,"stat.drop.iceandfire.bestiary":1,"stat.pickup.randomthings.ingredient":1,"stat.useItem.minecraft.stone_pickaxe":95,"stat.pickup.waystones.waystone":2,"stat.useItem.minecraft.stone_sword":71,"stat.pickup.dungeontactics.throwing_knife_caustic":11,"stat.useItem.skewers.skewer_beef_raw":1,"stat.pickup.minecraft.iron_nugget":26,"stat.pickup.minecraft.crafting_table":4,"stat.craftItem.minecraft.crafting_table":1,"stat.pickup.minecraft.iron_hoe":1,"stat.pickup.minecraft.log":15,"stat.useItem.minecraft.cooked_fish":1,"stat.pickup.dungeontactics.heart_jar":1,"stat.useItem.dungeontactics.flower_bramble":3,"stat.pickup.minecraft.compass":1,"stat.pickup.minecraft.chainmail_leggings":1,"stat.pickup.minecraft.sapling":3,"stat.pickup.dungeontactics.bag_tool":1,"stat.craftItem.extraalchemy.potion_bag":1,"stat.pickup.dungeontactics.flower_tangle":3,"stat.pickup.dungeontactics.throwing_knife_poison":1,"stat.sneakTime":3543,"stat.pickup.rustic.chili_pepper_seeds":3,"stat.mineBlock.thaumcraft.crystal_perditio":1,"stat.useItem.pvj.cooked_duck":1,"stat.useItem.minecraft.baked_potato":7,"stat.pickup.minecraft.stone_slab":8,"stat.pickup.minecraft.chest":1,"stat.drop.minecraft.stone_pickaxe":1,"stat.pickup.extraalchemy.potion_bag":1,"stat.pickup.minecraft.bone":43,"stat.mineBlock.quark.variant_leaves":1,"stat.pickup.minecraft.record_blocks":3,"stat.pickup.tropicraft.chunk":1,"stat.drop.minecraft.mossy_cobblestone":4,"stat.mineBlock.charm.crate_sealed":2,"stat.useItem.spartanweaponry.greatsword_iron":201,"stat.swimOneCm":12057,"stat.mineBlock.quark.glowcelium":1,"stat.climbOneCm":106724,"stat.mineBlock.tropicraft.chunk":3,"stat.mineBlock.quark.roots":2,"stat.useItem.minecraft.dirt":15,"stat.pickup.roughtweaks.plaster":2,"stat.useItem.harvestcraft.bambooshootitem":1,"stat.pickup.dungeontactics.flower_bramble":5,"stat.craftItem.minecraft.stone_pickaxe":1,"stat.mineBlock.subterraneanswitcheroo.lapislotus":1,"stat.pickup.minecraft.cobblestone":165,"stat.mineBlock.minecraft.carpet":4,"stat.craftItem.minecraft.glass_bottle":3,"stat.pickup.minecraft.glass_bottle":3,"stat.pickup.dungeontactics.flower_fade":3,"stat.useItem.minecraft.cooked_beef":5,"stat.pickup.thebetweenlands.frog_legs_raw":2,"stat.pickup.minecraft.redstone":2,"stat.mineBlock.minecraft.iron_ore":22,"stat.mineBlock.embers.archaic_edge":2,"stat.pickup.minecraft.mutton":15,"stat.pickup.minecraft.mossy_cobblestone":6,"stat.useItem.minecraft.cooked_porkchop":6,"stat.pickup.minecraft.iron_shovel":1,"stat.pickup.minecraft.carpet":4,"stat.pickup.ebwizardry.smoke_bomb":1,"stat.mineBlock.minecraft.grass":9,"stat.drop.dungeontactics.cherry_bomb":2,"stat.useItem.pvj.clam":1,"stat.pickup.minecraft.sandstone_stairs":2,"stat.pickup.tombstone.lost_tablet":1,"stat.killEntity.ancient_golem":2,"stat.craftItem.minecraft.stick":12,"stat.mineBlock.minecraft.crafting_table":4,"stat.useItem.minecraft.diamond_pickaxe":125,"stat.useItem.minecraft.carrot":2,"stat.pickup.dungeontactics.bag_arbour":2,"stat.useItem.minecraft.wheat":1,"stat.mineBlock.minecraft.planks":1,"stat.drop":41,"stat.mineBlock.thaumcraft.crystal_aqua":2,"stat.killEntity.Sheep":16,"stat.craftItem.minecraft.diamond_pickaxe":2,"stat.pickup.harvestcraft.eggplantitem":1,"stat.pickup.doggytalents.whistle":2,"stat.pickup.minecraft.record_strad":1,"stat.drop.minecraft.wooden_pickaxe":1,"stat.useItem.minecraft.apple":1,"stat.pickup.roughtweaks.bandage":1,"stat.useItem.minecraft.porkchop":1,"stat.pickup.dungeontactics.bag_record":3,"stat.pickup.scalinghealth.crystalshard":1,"stat.pickup.ebwizardry.poison_bomb":1,"stat.pickup.minecraft.spider_eye":15,"stat.craftItem.minecraft.iron_helmet":1,"stat.pickup.minecraft.experience_bottle":2,"stat.drop.minecraft.glass":3,"stat.useItem.minecraft.cooked_chicken":2,"stat.pickup.minecraft.iron_ore":24,"stat.mineBlock.minecraft.leaves2":3,"stat.pickup.minecraft.leather":19,"stat.mineBlock.minecraft.furnace":1,"stat.useItem.minecraft.wooden_pickaxe":27,"stat.dispenserInspected":11,"stat.pickup.mysticalagriculture.crafting":32,"stat.useItem.dungeontactics.cherry_bomb":1,"stat.killEntity.CaveSpider":27,"stat.pickup.subterraneanswitcheroo.lapislotus":1,"stat.damageDealt":40374,"stat.craftItem.minecraft.glass":6,"stat.drop.minecraft.cooked_chicken":2,"stat.sleepInBed":12,"stat.craftItem.minecraft.baked_potato":7,"stat.killEntity.Cow":3,"stat.killEntity.Pig":10,"stat.walkOneCm":1364261,"stat.useItem.cyclicmagic.corrupted_chorus":1,"stat.drop.dungeontactics.master_cutlass_pierce":1,"stat.pickup.minecraft.stick":11,"stat.killEntity.pvj_skeletal_knight":11,"stat.pickup.quark.root_flower":1,"stat.drop.minecraft.leather_chestplate":2,"stat.pickup.minecraft.stone":2,"stat.pickup.embers.archaic_edge":1,"stat.mineBlock.thaumcraft.crystal_ignis":14,"stat.pickup.minecraft.gold_ingot":2,"stat.killEntity.Skeleton":9,"stat.pickup.minecraft.record_mellohi":1,"stat.pickup.thaumcraft.ore_cinnabar":1,"stat.killEntity.Spider":8,"stat.useItem.thaumcraft.curio":1,"stat.pickup.minecraft.quartz":1,"stat.pickup.dungeontactics.master_cutlass_pierce":1,"stat.useItem.minecraft.golden_apple":1,"stat.mineBlock.minecraft.leaves":7,"stat.useItem.dungeontactics.iron_battleaxe":262,"stat.mineBlock.minecraft.stone":173}