{"stat.pickup.minecraft.bone":34,"stat.leaveGame":2,"stat.mineBlock.quark.variant_leaves":3,"stat.mineBlock.thaumcraft.ore_quartz":1,"stat.pickup.subterraneanswitcheroo.redironclump":1,"stat.pickup.dungeontactics.cherry_bomb":24,"stat.pickup.ebwizardry.spell_book":7,"stat.pickup.harvestcraft.pineappleitem":1,"stat.pickup.ebwizardry.basic_healing_wand":1,"stat.mineBlock.minecraft.sandstone":5,"stat.pickup.pvj.slime_droplet":1,"stat.climbOneCm":63169,"stat.mineBlock.minecraft.web":43,"stat.drop.minecraft.cobblestone":4,"stat.pickup.minecraft.porkchop":12,"stat.mineBlock.quark.roots":1,"stat.pickup.xreliquary.mob_ingredient":12,"stat.useItem.minecraft.dirt":29,"stat.pickup.minecraft.rotten_flesh":65,"stat.pickup.iceandfire.amphithere_feather":4,"stat.pickup.roughtweaks.plaster":2,"stat.useItem.harvestcraft.gingeritem":1,"stat.mineBlock.subterraneanswitcheroo.redironore":1,"stat.entityKilledBy.Spider":2,"stat.pickup.minecraft.splash_potion":2,"stat.useItem.harvestcraft.bambooshootitem":1,"stat.pickup.iceandfire.bestiary":1,"stat.pickup.harvestcraft.bambooshootitem":1,"stat.pickup.dungeontactics.flower_bramble":1,"stat.useItem.heroicarmory.terrariakatana":4,"stat.drop.minecraft.leather_boots":1,"stat.pickup.pvj.spectral_wrappings":9,"stat.pickup.ebwizardry.wizard_hat_fire":1,"stat.craftItem.minecraft.stone_pickaxe":2,"stat.craftItem.minecraft.cooked_beef":4,"stat.pickup.minecraft.cobblestone":57,"stat.pickup.minecraft.leather_boots":2,"stat.flyOneCm":480087,"stat.pickup.minecraft.sandstone":70,"stat.entityKilledBy.firedragon":1,"stat.pickup.pvj.raw_duck":1,"stat.pickup.quark.rune":2,"stat.useItem.minecraft.cooked_beef":5,"stat.pickup.ebwizardry.wizard_leggings_sorcery":1,"stat.pickup.quark.tallow":14,"stat.mineBlock.minecraft.iron_ore":8,"stat.timeSinceDeath":76700,"stat.pickup.minecraft.quartz_ore":2,"stat.pickup.embers.archaic_bricks":1,"stat.useItem.minecraft.spawn_egg":1,"stat.pickup.minecraft.mutton":5,"stat.useItem.quark.root":1,"stat.pickup.spartanweaponry.greatsword_iron":2,"stat.trappedChestTriggered":6,"stat.pickup.harvestcraft.gingeritem":1,"stat.useItem.minecraft.potato":4,"stat.pickup.minecraft.chainmail_helmet":1,"stat.furnaceInteraction":22,"stat.useItem.minecraft.cooked_porkchop":9,"stat.craftItem.spartanweaponry.material":4,"stat.pickup.heroicarmory.terrariakatana":1,"stat.mineBlock.minecraft.coal_ore":21,"stat.pickup.dungeontactics.flower_feather":2,"stat.talkedToVillager":1,"stat.pickup.embers.archaic_brick":11,"stat.entityKilledBy.pvj_shade":1,"stat.pickup.minecraft.string":104,"stat.craftItem.minecraft.leather_helmet":1,"stat.pickup.iceandfire.manuscript":3,"stat.mineBlock.minecraft.grass":1,"stat.pickup.minecraft.beef":6,"stat.useItem.minecraft.cooked_mutton":2,"stat.pickup.tombstone.crafting_ingredient":9,"stat.killEntity.amphithere":1,"stat.useItem.harvestcraft.eggplantitem":1,"stat.pickup.minecraft.sandstone_stairs":4,"stat.sprintOneCm":351137,"stat.killEntity.ancient_golem":1,"stat.pickup.minecraft.iron_chestplate":1,"stat.mineBlock.minecraft.stone_slab":3,"stat.useItem.harvestcraft.sesameseedsitem":2,"stat.pickup.minecraft.skull":2,"stat.craftItem.minecraft.stick":20,"stat.pickup.harvestcraft.sesameseedsitem":2,"stat.mineBlock.harvestcraft.tropicalgarden":3,"stat.pickup.minecraft.potion":1,"stat.pickup.thaumcraft.crystal_essence":12,"stat.useItem.minecraft.diamond_pickaxe":18,"stat.waystones:waystonesActivated":1,"stat.pickup.dungeontactics.bag_arbour":1,"stat.pickup.minecraft.emerald":3,"stat.pickup.charm.totem_of_shielding":1,"stat.deaths":6,"stat.pickup.minecraft.bowl":1,"stat.drop":28,"stat.playOneMinute":319531,"stat.killEntity.Sheep":3,"stat.killEntity.pvj_snail":1,"stat.mineBlock.mysticalagriculture.prosperity_ore":9,"stat.craftItem.minecraft.emerald":2,"stat.craftItem.spartanweaponry.greatsword_iron":2,"stat.killEntity.Zombie":18,"stat.drop.minecraft.torch":15,"stat.pickup.dungeontactics.magic_powder":28,"stat.drop.ebwizardry.scroll":1,"stat.mineBlock.minecraft.tallgrass":1,"stat.craftItem.minecraft.cooked_mutton":5,"stat.pickup.dungeontactics.bag_food":1,"stat.drop.minecraft.diamond_pickaxe":1,"stat.pickup.harvestcraft.eggplantitem":1,"stat.chestOpened":287,"stat.pickup.minecraft.pumpkin":1,"stat.useItem.minecraft.splash_potion":2,"stat.pickup.ebwizardry.wizard_robe_fire":1,"stat.pickup.ebwizardry.basic_necromancy_wand":1,"stat.pickup.heroicarmory.mhwyvernbladepale":1,"stat.pickup.minecraft.iron_sword":3,"stat.craftItem.minecraft.cooked_porkchop":8,"stat.pickup.quark.glowshroom":5,"stat.pickup.dungeontactics.bag_ore":2,"stat.pickup.harvestcraft.coffeebeanitem":1,"stat.pickup.roughtweaks.bandage":1,"stat.entityKilledBy.pvj_skeletal_knight":1,"stat.useItem.harvestcraft.coffeebeanitem":1,"stat.mineBlock.quark.roots_black_flower":1,"stat.pickup.dungeontactics.bag_record":2,"stat.useItem.minecraft.rotten_flesh":4,"stat.useItem.minecraft.quartz_ore":1,"stat.jump":1260,"stat.pickup.minecraft.iron_helmet":1,"stat.pickup.minecraft.coal":23,"stat.fallOneCm":22573,"stat.pickup.scalinghealth.crystalshard":1,"stat.pickup.randomthings.beans":2,"stat.mineBlock.quark.glowshroom":5,"stat.pickup.minecraft.gunpowder":1,"stat.crouchOneCm":1312,"stat.mineBlock.minecraft.chest":1,"stat.pickup.minecraft.spider_eye":8,"stat.craftItem.minecraft.chest":2,"stat.craftItem.minecraft.iron_ingot":8,"stat.pickup.dungeontactics.bag_potion":3,"stat.pickup.minecraft.dirt":31,"stat.craftingTableInteraction":19,"stat.pickup.minecraft.iron_ore":9,"stat.pickup.rustic.wind_thistle":2,"stat.pickup.minecraft.cookie":6,"stat.pickup.minecraft.emerald_ore":2,"stat.pickup.ebwizardry.scroll":5,"stat.pickup.minecraft.leather":11,"stat.damageTaken":5342,"stat.pickup.dungeontactics.iron_shield":1,"stat.mineBlock.minecraft.torch":1,"stat.dispenserInspected":4,"stat.pickup.ebwizardry.identification_scroll":4,"stat.entityKilledBy.ancient_golem":1,"stat.mineBlock.dungeontactics.flower_bramble":1,"stat.drop.prefab.item_start_house":1,"stat.drop.iceandfire.bestiary":1,"stat.pickup.minecraft.log2":3,"stat.mineBlock.minecraft.sandstone_stairs":1,"stat.pickup.mysticalagriculture.crafting":40,"stat.useItem.dungeontactics.cherry_bomb":22,"stat.killEntity.CaveSpider":27,"stat.pickup.minecraft.potato":1,"stat.pickup.dungeontactics.magic_tether":1,"stat.pickup.prefab.item_start_house":1,"stat.useItem.minecraft.stone_pickaxe":45,"stat.damageDealt":20975,"stat.sleepInBed":10,"stat.craftItem.minecraft.baked_potato":44,"stat.pickup.openblocks.technicolor_glasses":1,"stat.killEntity.Cow":3,"stat.mineBlock.minecraft.dirt":2,"stat.pickup.dungeontactics.throwing_knife_caustic":11,"stat.killEntity.Pig":6,"stat.killEntity.pvj_duck":1,"stat.craftItem.minecraft.iron_sword":1,"stat.useItem.minecraft.air":13,"stat.useItem.skewers.skewer_beef_raw":1,"stat.walkOneCm":809955,"stat.useItem.minecraft.torch":29,"stat.useItem.minecraft.bread":17,"stat.useItem.quark.custom_chest":1,"stat.pickup.minecraft.diamond_pickaxe":2,"stat.killEntity.pvj_shade":5,"stat.craftItem.quark.custom_chest":2,"stat.useItem.minecraft.cobblestone":1,"stat.pickup.harvestcraft.cantaloupeitem":1,"stat.mineBlock.thaumcraft.crystal_aer":1,"stat.killEntity.pvj_skeletal_knight":17,"stat.pickup.minecraft.log":15,"stat.pickup.dungeontactics.heart_jar":1,"stat.pickup.ebwizardry.wizard_robe":1,"stat.pickup.minecraft.iron_pickaxe":1,"stat.mineBlock.dungeontactics.flower_feather":2,"stat.craftItem.minecraft.iron_chestplate":1,"stat.drop.minecraft.sapling":2,"stat.drop.minecraft.potato":2,"stat.pickup.minecraft.tipped_arrow":16,"stat.pickup.minecraft.sapling":12,"stat.pickup.minecraft.ender_pearl":2,"stat.pickup.dungeontactics.silver_ore":1,"stat.useItem.harvestcraft.kiwiitem":1,"stat.pickup.minecraft.cooked_beef":1,"stat.craftItem.iceandfire.bestiary":1,"stat.pickup.minecraft.gold_ingot":1,"stat.pickup.minecraft.record_mellohi":2,"stat.pickup.roughtweaks.salve":2,"stat.useItem.harvestcraft.cantaloupeitem":1,"stat.useItem.minecraft.iron_sword":923,"stat.craftItem.minecraft.planks":40,"stat.pickup.subterraneanswitcheroo.coalron":1,"stat.pickup.quark.root":1,"stat.killEntity.Spider":8,"stat.pickup.harvestcraft.kiwiitem":1,"stat.pickup.minecraft.bread":16,"stat.mineBlock.minecraft.quartz_ore":1,"stat.mobKills":85,"stat.pickup.minecraft.book":3,"stat.pickup.ebwizardry.wizard_handbook":1,"stat.useItem.harvestcraft.pineappleitem":1,"stat.mineBlock.minecraft.log":11,"stat.mineBlock.minecraft.bookshelf":1,"stat.pickup.minecraft.quartz":1,"stat.pickup.embers.ancient_motive_core":1,"stat.mineBlock.minecraft.leaves":47,"stat.craftItem.dungeontactics.iron_shield":1,"stat.pickup.dungeontactics.bag_quiver":2,"stat.pickup.minecraft.torch":2,"stat.pickup.minecraft.red_flower":1,"stat.pickup.thaumcraft.brain":5,"stat.sneakTime":1045,"stat.pickup.minecraft.wool":3,"stat.mineBlock.thaumcraft.crystal_perditio":2,"stat.useItem.minecraft.baked_potato":25,"stat.pickup.minecraft.stone_slab":10,"stat.mineBlock.rustic.wind_thistle":1,"stat.mineBlock.minecraft.stone":1,"stat.pickup.minecraft.chest":1,"stat.pickup.ftbquests.book":1,"stat.craftItem.iceandfire.lectern":1}