{"profiles":{"6ad034d2-b69f-3a1f-8944-06d5572f55d2":{"no_death_mg":false,"no_status_effects":false,"nether":false,"default":true,"hardcore":false,"peaceful":false,"no_area_of_effects":false,"no_explosions":false},"c6cf6197-8d8a-3ba2-a142-419590e90689":{"no_death_mg":false,"no_status_effects":false,"nether":false,"default":true,"hardcore":false,"peaceful":false,"no_area_of_effects":false,"no_explosions":false},"df2371c3-64fc-33b8-9db3-1dc5d8ed8b81":{"no_status_effects":false,"no_explosions":false,"nether":false,"hardcore":false,"no_death_mg":false,"no_area_of_effects":false,"default":true,"peaceful":false},"78087ca4-43dc-3bc1-bb14-f6633fc3891f":{"no_status_effects":false,"no_explosions":false,"nether":false,"hardcore":false,"no_death_mg":false,"no_area_of_effects":false,"default":true,"peaceful":false}}}