{"stat.pickup.harvestcraft.eggplantitem":1,"stat.chestOpened":2,"stat.useItem.minecraft.air":1,"stat.walkOneCm":72468,"stat.mineBlock.harvestcraft.tropicalgarden":3,"stat.useItem.harvestcraft.gingeritem":1,"stat.pickup.harvestcraft.gingeritem":1,"stat.pickup.harvestcraft.bambooshootitem":1,"stat.leaveGame":1,"stat.damageTaken":90,"stat.pickup.harvestcraft.kiwiitem":1,"stat.pickup.minecraft.bread":16,"stat.dispenserInspected":4,"stat.pickup.harvestcraft.coffeebeanitem":1,"stat.pickup.harvestcraft.cantaloupeitem":1,"stat.drop.prefab.item_start_house":1,"stat.pickup.minecraft.cobblestone":43,"stat.useItem.harvestcraft.pineappleitem":1,"stat.mineBlock.minecraft.log":3,"stat.pickup.harvestcraft.pineappleitem":1,"stat.pickup.ebwizardry.basic_healing_wand":1,"stat.pickup.minecraft.log":3,"stat.pickup.minecraft.string":2,"stat.flyOneCm":1495,"stat.drop":1,"stat.jump":73,"stat.mineBlock.minecraft.leaves":1,"stat.pickup.ebwizardry.wizard_robe":1,"stat.playOneMinute":32521,"stat.fallOneCm":627,"stat.climbOneCm":84,"stat.pickup.prefab.item_start_house":1,"stat.pickup.randomthings.beans":2,"stat.sneakTime":25,"stat.pickup.ebwizardry.wizard_leggings_sorcery":1,"stat.useItem.harvestcraft.eggplantitem":1,"stat.timeSinceDeath":32521,"stat.sprintOneCm":15692,"stat.pickup.dungeontactics.throwing_knife_caustic":7,"stat.useItem.harvestcraft.sesameseedsitem":1,"stat.pickup.ftbquests.book":1,"stat.pickup.harvestcraft.sesameseedsitem":2}