{"stat.cakeSlicesEaten":3,"stat.pickup.levelup2.respecbook":2,"stat.useItem.harvestcraft.huckleberryitem":1,"stat.craftItem.tropicraft.bamboo_chest":2,"stat.leaveGame":3,"stat.mineBlock.quark.variant_leaves":1,"stat.mineBlock.ebwizardry.crystal_flower":3,"stat.mineBlock.minecraft.cobblestone":2,"stat.pickup.minecraft.stone_pickaxe":1,"stat.pickup.harvestcraft.soybeanitem":1,"stat.pickup.harvestcraft.huckleberryitem":1,"stat.pickup.dungeontactics.cherry_bomb":13,"stat.pickup.ebwizardry.spell_book":5,"stat.pickup.rustic.mooncap_mushroom":27,"stat.pickup.ebwizardry.basic_healing_wand":1,"stat.swimOneCm":399,"stat.mineBlock.harvestcraft.beehive":1,"stat.climbOneCm":18722,"stat.mineBlock.thaumcraft.ore_amber":1,"stat.pickup.minecraft.porkchop":1,"stat.pickup.rustic.cloudsbluff":10,"stat.useItem.harvestcraft.soybeanitem":1,"stat.pickup.minecraft.sand":19,"stat.useItem.harvestcraft.grapeitem":1,"stat.mineBlock.rustic.beehive":1,"stat.pickup.tropicraft.flower":4,"stat.craftItem.minecraft.stone_axe":1,"stat.craftItem.minecraft.stone_pickaxe":1,"stat.mineBlock.subterraneanswitcheroo.lapislotus":1,"stat.pickup.minecraft.cobblestone":54,"stat.pickup.skewers.skewer_beef_raw":10,"stat.useItem.minecraft.stone_shovel":18,"stat.flyOneCm":130672,"stat.pickup.rustic.honeycomb":12,"stat.mineBlock.minecraft.sand":19,"stat.pickup.ebwizardry.wizard_leggings_sorcery":2,"stat.pickup.quark.tallow":3,"stat.timeSinceDeath":76078,"stat.pickup.tropicraft.bamboo_shoot":20,"stat.pickup.tropicraft.bamboo_chest":1,"stat.useItem.minecraft.iron_pickaxe":4,"stat.craftItem.ebwizardry.magic_crystal":6,"stat.pickup.dungeontactics.throwing_knife":1,"stat.mineBlock.minecraft.vine":2,"stat.pickup.rustic.wildberries":1,"stat.furnaceInteraction":9,"stat.pickup.ebwizardry.magic_crystal":2,"stat.mineBlock.pvj.log_palm":2,"stat.talkedToVillager":19,"stat.mineBlock.minecraft.grass":1,"stat.pickup.dungeontactics.flower_bark":2,"stat.drop.dungeontactics.cherry_bomb":1,"stat.craftItem.spartanweaponry.boomerang_wood":1,"stat.craftItem.tropicraft.plank":8,"stat.pickup.randomthings.slimecube":2,"stat.pickup.extrautils2.fakecopy":1,"stat.sprintOneCm":146483,"stat.useItem.rustic.wildberries":1,"stat.mineBlock.randomthings.slimecube":1,"stat.pickup.minecraft.skull":1,"stat.craftItem.minecraft.stick":12,"stat.mineBlock.tropicraft.coconut":10,"stat.useItem.harvestcraft.cottonitem":1,"stat.killEntity.pvj_small_spider":1,"stat.mineBlock.tropicraft.pineapple":1,"stat.mineBlock.harvestcraft.tropicalgarden":1,"stat.mineBlock.rustic.wildberry_bush":1,"stat.mineBlock.tropicraft.leaves":34,"stat.useItem.minecraft.wheat_seeds":31,"stat.pickup.thaumcraft.crystal_essence":10,"stat.pickup.thaumcraft.nugget":3,"stat.waystones:waystonesActivated":1,"stat.deaths":2,"stat.drop":7,"stat.playOneMinute":124232,"stat.craftItem.minecraft.iron_pickaxe":1,"stat.craftItem.minecraft.emerald":1,"stat.pickup.dungeontactics.flower_cinder":2,"stat.mineBlock.minecraft.tallgrass":7,"stat.pickup.minecraft.wheat":22,"stat.pickup.harvestcraft.cottonitem":1,"stat.chestOpened":40,"stat.pickup.rustic.wildberry_bush":1,"stat.useItem.tropicraft.bamboo_chest":1,"stat.pickup.tropicraft.pineapple":1,"stat.drop.minecraft.wooden_pickaxe":2,"stat.useItem.rustic.cloudsbluff":1,"stat.craftItem.pvj.planks_palm":8,"stat.mineBlock.dungeontactics.flower_bark":1,"stat.useItem.minecraft.porkchop":1,"stat.pickup.harvestcraft.kohlrabiitem":2,"stat.jump":768,"stat.useItem.minecraft.sand":5,"stat.fallOneCm":16926,"stat.pickup.minecraft.iron_ingot":4,"stat.useItem.minecraft.stone_axe":63,"stat.crouchOneCm":1010,"stat.pickup.harvestcraft.caulifloweritem":1,"stat.pickup.rustic.grape_stem":5,"stat.useItem.spartanweaponry.boomerang_wood":13,"stat.pickup.minecraft.dirt":2,"stat.pickup.minecraft.melon":13,"stat.mineBlock.tropicraft.flower":2,"stat.mineBlock.harvestcraft.frostgarden":3,"stat.craftingTableInteraction":18,"stat.pickup.minecraft.stone_shovel":1,"stat.pickup.spartanweaponry.boomerang_wood":3,"stat.pickup.rustic.tomato_seeds":1,"stat.pickup.minecraft.wooden_pickaxe":4,"stat.damageTaken":800,"stat.mineBlock.minecraft.melon_block":1,"stat.useItem.minecraft.wooden_pickaxe":4,"stat.tradedWithVillager":2,"stat.mineBlock.dungeontactics.flower_cinder":2,"stat.pickup.ebwizardry.crystal_flower":3,"stat.useItem.dungeontactics.cherry_bomb":3,"stat.pickup.subterraneanswitcheroo.lapislotus":3,"stat.pickup.harvestcraft.grapeitem":1,"stat.pickup.minecraft.wheat_seeds":34,"stat.mineBlock.dungeontactics.bush_cherrybomb":1,"stat.useItem.harvestcraft.rutabagaitem":1,"stat.useItem.minecraft.stone_pickaxe":20,"stat.damageDealt":41,"stat.pickup.tropicraft.coconut":20,"stat.pickup.harvestcraft.oatsitem":1,"stat.mineBlock.minecraft.dirt":1,"stat.killEntity.Pig":1,"stat.useItem.minecraft.air":13,"stat.craftItem.minecraft.stone_shovel":1,"stat.useItem.skewers.skewer_beef_raw":1,"stat.walkOneCm":210246,"stat.useItem.minecraft.bread":3,"stat.pickup.rustic.bee":4,"stat.pickup.harvestcraft.cabbageitem":1,"stat.useItem.minecraft.cobblestone":4,"stat.craftItem.minecraft.crafting_table":1,"stat.pickup.pvj.log_palm":2,"stat.drop.rustic.cloudsbluff":1,"stat.pickup.harvestcraft.cantaloupeitem":1,"stat.useItem.harvestcraft.oatsitem":1,"stat.pickup.harvestcraft.celeryitem":1,"stat.useItem.minecraft.melon":1,"stat.pickup.ebwizardry.wizard_robe":2,"stat.mineBlock.tropicraft.bamboo_shoot":3,"stat.pickup.minecraft.stone":2,"stat.useItem.harvestcraft.cabbageitem":1,"stat.mineBlock.rustic.mooncap_mushroom":4,"stat.useItem.harvestcraft.caulifloweritem":1,"stat.drop.extrautils2.fakecopy":1,"stat.useItem.harvestcraft.cantaloupeitem":1,"stat.pickup.harvestcraft.queenbeeitem":2,"stat.mineBlock.thaumcraft.crystal_ordo":2,"stat.useItem.harvestcraft.celeryitem":1,"stat.pickup.minecraft.bread":13,"stat.pickup.minecraft.stone_sword":1,"stat.pickup.harvestcraft.rutabagaitem":1,"stat.pickup.tropicraft.log":14,"stat.mobKills":2,"stat.drop.thaumcraft.crystal_essence":2,"stat.mineBlock.minecraft.leaves":2,"stat.useItem.harvestcraft.kohlrabiitem":1,"stat.sneakTime":302,"stat.pickup.thaumcraft.amber":6,"stat.mineBlock.minecraft.stone":20}