{"stat.useItem.minecraft.bow":61,"stat.leaveGame":5,"stat.mineBlock.ebwizardry.crystal_flower":24,"stat.pickup.harvestcraft.soybeanitem":1,"stat.pickup.ebwizardry.spell_book":1,"stat.craftItem.minecraft.string":8,"stat.pickup.minecraft.glowstone_dust":2,"stat.pickup.minecraft.porkchop":23,"stat.pickup.xreliquary.mob_ingredient":3,"stat.pickup.minecraft.glass":9,"stat.pickup.rustic.cloudsbluff":1,"stat.useItem.harvestcraft.soybeanitem":1,"stat.pickup.minecraft.rotten_flesh":3,"stat.pickup.minecraft.sand":12,"stat.pickup.pvj.spectral_wrappings":2,"stat.craftItem.minecraft.stone_sword":1,"stat.pickup.minecraft.chainmail_chestplate":1,"stat.mineBlock.minecraft.sand":6,"stat.pickup.quark.tallow":24,"stat.useItem.minecraft.iron_pickaxe":2,"stat.craftItem.minecraft.wooden_pickaxe":1,"stat.craftItem.minecraft.bed":1,"stat.mineBlock.minecraft.vine":6,"stat.furnaceInteraction":49,"stat.useItem.harvestcraft.arrowrootitem":2,"stat.killEntity.ZombieVillager":2,"stat.craftItem.improvedbackpacks.tanned_leather":4,"stat.pickup.minecraft.beef":6,"stat.pickup.minecraft.furnace":1,"stat.useItem.harvestcraft.eggplantitem":1,"stat.pickup.randomthings.slimecube":1,"stat.pickup.extrautils2.fakecopy":1,"stat.pickup.minecraft.skull":3,"stat.killEntity.pvj_small_spider":2,"stat.mineBlock.tropicraft.pineapple":3,"stat.mineBlock.harvestcraft.tropicalgarden":2,"stat.pickup.thaumcraft.crystal_essence":7,"stat.pickup.thaumcraft.nugget":1,"stat.useItem.minecraft.pumpkin_pie":1,"stat.playOneMinute":155510,"stat.pickup.harvestcraft.arrowrootitem":2,"stat.craftItem.minecraft.iron_pickaxe":1,"stat.drop.minecraft.iron_ingot":3,"stat.mineBlock.minecraft.tallgrass":10,"stat.craftItem.minecraft.cooked_mutton":9,"stat.pickup.dungeontactics.bag_food":1,"stat.pickup.minecraft.cooked_mutton":9,"stat.chestOpened":79,"stat.pickup.minecraft.arrow":11,"stat.pickup.minecraft.iron_sword":1,"stat.pickup.dungeontactics.bag_ore":1,"stat.useItem.rustic.cloudsbluff":1,"stat.pickup.harvestcraft.coffeebeanitem":1,"stat.pickup.levelup2.skillbook":1,"stat.useItem.minecraft.experience_bottle":1,"stat.fallOneCm":9773,"stat.crouchOneCm":5,"stat.craftItem.skewers.skewer_beef_cooked":6,"stat.craftItem.minecraft.chest":2,"stat.craftItem.minecraft.iron_ingot":20,"stat.craftingTableInteraction":22,"stat.mineBlock.dungeontactics.flower_tangle":3,"stat.pickup.minecraft.planks":45,"stat.useItem.minecraft.stone_pickaxe":95,"stat.pickup.waystones.waystone":1,"stat.useItem.minecraft.stone_sword":71,"stat.pickup.dungeontactics.throwing_knife_caustic":7,"stat.useItem.skewers.skewer_beef_raw":1,"stat.useItem.minecraft.bread":1,"stat.killEntity.pvj_shade":1,"stat.pickup.minecraft.crafting_table":4,"stat.useItem.minecraft.cobblestone":8,"stat.craftItem.minecraft.crafting_table":1,"stat.pickup.minecraft.log":14,"stat.pickup.dungeontactics.heart_jar":1,"stat.useItem.dungeontactics.flower_bramble":3,"stat.pickup.minecraft.compass":1,"stat.pickup.dungeontactics.bag_tool":1,"stat.pickup.minecraft.apple":1,"stat.craftItem.extraalchemy.potion_bag":1,"stat.pickup.improvedbackpacks.backpack":7,"stat.craftItem.minecraft.planks":44,"stat.useItem.minecraft.iron_sword":6,"stat.pickup.minecraft.stone_sword":1,"stat.pickup.dungeontactics.flower_tangle":3,"stat.mineBlock.minecraft.log":11,"stat.killEntity.pvj_ghost":1,"stat.pickup.dungeontactics.throwing_knife_poison":1,"stat.sneakTime":273,"stat.pickup.rustic.chili_pepper_seeds":3,"stat.pickup.minecraft.wool":8,"stat.mineBlock.thaumcraft.crystal_perditio":1,"stat.useItem.minecraft.baked_potato":1,"stat.pickup.minecraft.chest":1,"stat.drop.minecraft.stone_pickaxe":1,"stat.cakeSlicesEaten":3,"stat.pickup.extraalchemy.potion_bag":1,"stat.pickup.minecraft.bone":19,"stat.mineBlock.quark.variant_leaves":1,"stat.pickup.tropicraft.pineapple_cubes":4,"stat.mineBlock.minecraft.cobblestone":2,"stat.drop.minecraft.mossy_cobblestone":4,"stat.pickup.minecraft.leather_chestplate":1,"stat.swimOneCm":1449,"stat.climbOneCm":27848,"stat.useItem.minecraft.dirt":7,"stat.pickup.minecraft.bow":1,"stat.craftItem.minecraft.furnace":1,"stat.useItem.harvestcraft.bambooshootitem":1,"stat.pickup.harvestcraft.bambooshootitem":1,"stat.pickup.dungeontactics.flower_bramble":5,"stat.pickup.minecraft.pumpkin_pie":1,"stat.craftItem.minecraft.stone_pickaxe":1,"stat.mineBlock.subterraneanswitcheroo.lapislotus":1,"stat.craftItem.minecraft.cooked_beef":6,"stat.pickup.minecraft.cobblestone":65,"stat.craftItem.improvedbackpacks.bound_leather":4,"stat.flyOneCm":79184,"stat.craftItem.minecraft.glass_bottle":3,"stat.pickup.minecraft.glass_bottle":3,"stat.useItem.minecraft.cooked_beef":1,"stat.pickup.minecraft.redstone":2,"stat.mineBlock.minecraft.iron_ore":20,"stat.timeSinceDeath":155510,"stat.pickup.minecraft.mutton":13,"stat.pickup.minecraft.mossy_cobblestone":6,"stat.craftItem.ebwizardry.magic_crystal":48,"stat.useItem.minecraft.potato":1,"stat.useItem.minecraft.cooked_porkchop":6,"stat.pickup.minecraft.iron_shovel":1,"stat.mineBlock.minecraft.coal_ore":22,"stat.pickup.ebwizardry.smoke_bomb":1,"stat.killEntity.Creeper":1,"stat.talkedToVillager":2,"stat.pickup.minecraft.string":6,"stat.mineBlock.minecraft.grass":1,"stat.pickup.tombstone.crafting_ingredient":4,"stat.useItem.minecraft.written_book":2,"stat.sprintOneCm":347990,"stat.craftItem.minecraft.stick":8,"stat.mineBlock.minecraft.crafting_table":4,"stat.useItem.minecraft.carrot":2,"stat.pickup.dungeontactics.bag_arbour":1,"stat.mineBlock.minecraft.planks":1,"stat.drop":16,"stat.killEntity.Sheep":8,"stat.killEntity.Zombie":3,"stat.pickup.harvestcraft.eggplantitem":1,"stat.mineBlock.minecraft.mossy_cobblestone":3,"stat.pickup.doggytalents.whistle":2,"stat.pickup.minecraft.record_strad":1,"stat.pickup.tropicraft.pineapple":2,"stat.drop.minecraft.wooden_pickaxe":1,"stat.craftItem.minecraft.cooked_porkchop":22,"stat.useItem.minecraft.apple":1,"stat.useItem.harvestcraft.coffeebeanitem":1,"stat.pickup.dungeontactics.bag_record":2,"stat.jump":890,"stat.useItem.minecraft.sand":5,"stat.pickup.minecraft.coal":22,"stat.pickup.minecraft.iron_ingot":1,"stat.pickup.ebwizardry.poison_bomb":1,"stat.pickup.minecraft.spider_eye":3,"stat.pickup.minecraft.dirt":10,"stat.craftItem.minecraft.iron_helmet":1,"stat.pickup.minecraft.experience_bottle":1,"stat.drop.minecraft.glass":3,"stat.pickup.minecraft.iron_ore":22,"stat.damageTaken":754,"stat.pickup.minecraft.leather":19,"stat.mineBlock.minecraft.furnace":1,"stat.useItem.minecraft.wooden_pickaxe":27,"stat.dispenserInspected":5,"stat.mineBlock.dungeontactics.flower_bramble":5,"stat.pickup.ebwizardry.crystal_flower":24,"stat.pickup.mysticalagriculture.crafting":4,"stat.killEntity.CaveSpider":2,"stat.pickup.subterraneanswitcheroo.lapislotus":1,"stat.pickup.minecraft.bed":9,"stat.damageDealt":4676,"stat.craftItem.minecraft.glass":6,"stat.drop.minecraft.cooked_chicken":2,"stat.sleepInBed":8,"stat.craftItem.minecraft.baked_potato":7,"stat.killEntity.Cow":3,"stat.killEntity.Pig":9,"stat.useItem.minecraft.air":34,"stat.walkOneCm":497729,"stat.pickup.minecraft.stick":11,"stat.killEntity.pvj_skeletal_knight":5,"stat.useItem.minecraft.melon":1,"stat.drop.minecraft.leather_chestplate":2,"stat.pickup.minecraft.stone":2,"stat.craftItem.improvedbackpacks.backpack":1,"stat.pickup.minecraft.ender_pearl":2,"stat.pickup.minecraft.gold_ingot":1,"stat.killEntity.Skeleton":5,"stat.pickup.minecraft.record_mellohi":1,"stat.killEntity.Spider":2,"stat.mineBlock.waystones.waystone":1,"stat.mineBlock.minecraft.glowstone":1,"stat.mobKills":44,"stat.useItem.minecraft.golden_apple":1,"stat.pickup.minecraft.diamond":1,"stat.mineBlock.minecraft.leaves":3,"stat.useItem.dungeontactics.iron_battleaxe":42,"stat.mineBlock.rustic.wind_thistle":1,"stat.mineBlock.minecraft.stone":66}