{"stat.cakeSlicesEaten":3,"stat.mineBlock.quark.roots_white_flower":3,"stat.pickup.levelup2.respecbook":2,"stat.useItem.harvestcraft.huckleberryitem":1,"stat.pickup.minecraft.bone":2,"stat.pickup.dungeontactics.bag_magic":2,"stat.craftItem.tropicraft.bamboo_chest":2,"stat.leaveGame":3,"stat.mineBlock.quark.variant_leaves":1,"stat.mineBlock.ebwizardry.crystal_flower":8,"stat.mineBlock.minecraft.cobblestone":8,"stat.mineBlock.minecraft.pumpkin":2,"stat.mineBlock.thaumcraft.ore_quartz":7,"stat.pickup.minecraft.stone_pickaxe":1,"stat.pickup.harvestcraft.soybeanitem":1,"stat.pickup.subterraneanswitcheroo.redironclump":7,"stat.pickup.harvestcraft.huckleberryitem":1,"stat.pickup.dungeontactics.cherry_bomb":21,"stat.pickup.ebwizardry.spell_book":7,"stat.pickup.rustic.mooncap_mushroom":27,"stat.craftItem.minecraft.wool":1,"stat.pickup.ebwizardry.basic_healing_wand":1,"stat.craftItem.minecraft.string":4,"stat.useItem.minecraft.mutton":2,"stat.pickup.pvj.slime_droplet":1,"stat.mineBlock.randomthings.specialchest":1,"stat.swimOneCm":1003,"stat.mineBlock.quark.glowcelium":1,"stat.mineBlock.harvestcraft.beehive":1,"stat.climbOneCm":18956,"stat.mineBlock.thaumcraft.ore_amber":18,"stat.useItem.embers.archaic_bricks":2,"stat.pickup.minecraft.porkchop":1,"stat.mineBlock.quark.roots":3,"stat.pickup.xreliquary.mob_ingredient":1,"stat.useItem.minecraft.dirt":6,"stat.useItem.minecraft.cookie":4,"stat.pickup.embers.archaic_light":1,"stat.pickup.rustic.cloudsbluff":16,"stat.pickup.minecraft.iron_boots":1,"stat.useItem.harvestcraft.soybeanitem":1,"stat.pickup.minecraft.rotten_flesh":23,"stat.mineBlock.embers.ore_lead":3,"stat.pickup.minecraft.sand":19,"stat.craftItem.minecraft.furnace":1,"stat.mineBlock.subterraneanswitcheroo.redironore":7,"stat.useItem.harvestcraft.grapeitem":1,"stat.mineBlock.rustic.beehive":1,"stat.pickup.tropicraft.flower":5,"stat.pickup.dungeontactics.flower_bramble":3,"stat.craftItem.minecraft.stone_axe":1,"stat.pickup.pvj.spectral_wrappings":14,"stat.craftItem.minecraft.stone_pickaxe":2,"stat.mineBlock.subterraneanswitcheroo.lapislotus":3,"stat.pickup.minecraft.cobblestone":100,"stat.pickup.minecraft.record_chirp":1,"stat.mineBlock.minecraft.clay":2,"stat.pickup.skewers.skewer_beef_raw":10,"stat.useItem.minecraft.stone_shovel":28,"stat.drop.megaloot.tool_axe":1,"stat.flyOneCm":236758,"stat.pickup.rustic.honeycomb":12,"stat.mineBlock.minecraft.sand":19,"stat.pickup.rustic.slate":17,"stat.pickup.ebwizardry.wizard_leggings_sorcery":2,"stat.drop.ebwizardry.spell_book":1,"stat.pickup.quark.tallow":3,"stat.mineBlock.minecraft.iron_ore":87,"stat.timeSinceDeath":184846,"stat.useItem.minecraft.spider_eye":1,"stat.pickup.tropicraft.bamboo_shoot":20,"stat.pickup.tropicraft.bamboo_chest":1,"stat.mineBlock.embers.archaic_edge":1,"stat.pickup.embers.archaic_bricks":3,"stat.pickup.dungeontactics.magic_scroll":1,"stat.useItem.minecraft.iron_pickaxe":350,"stat.pickup.minecraft.mutton":4,"stat.pickup.dungeontactics.bush_incindiberry":1,"stat.craftItem.ebwizardry.magic_crystal":12,"stat.pickup.minecraft.double_plant":1,"stat.pickup.dungeontactics.throwing_knife":2,"stat.useItem.minecraft.potato":2,"stat.mineBlock.dungeontactics.bush_incindiberry":1,"stat.mineBlock.minecraft.vine":2,"stat.mineBlock.embers.archaic_bricks":2,"stat.pickup.minecraft.chainmail_helmet":1,"stat.craftItem.ebwizardry.wizard_boots":1,"stat.pickup.rustic.wildberries":3,"stat.furnaceInteraction":49,"stat.pickup.ebwizardry.magic_crystal":20,"stat.useItem.minecraft.cooked_porkchop":1,"stat.mineBlock.minecraft.coal_ore":133,"stat.pickup.harvestcraft.spinachitem":1,"stat.mineBlock.pvj.log_palm":2,"stat.talkedToVillager":19,"stat.pickup.extrautils2.ingredients":1,"stat.craftItem.ebwizardry.arcane_workbench":1,"stat.pickup.embers.archaic_brick":5,"stat.craftItem.ebwizardry.magic_silk":4,"stat.pickup.minecraft.string":10,"stat.craftItem.embers.ingot_copper":32,"stat.mineBlock.minecraft.grass":11,"stat.pickup.dungeontactics.flower_bark":2,"stat.pickup.minecraft.beef":4,"stat.drop.dungeontactics.cherry_bomb":1,"stat.pickup.tombstone.crafting_ingredient":7,"stat.pickup.randomthings.specialchest":1,"stat.craftItem.spartanweaponry.boomerang_wood":1,"stat.craftItem.tropicraft.plank":8,"stat.pickup.randomthings.slimecube":2,"stat.pickup.extrautils2.fakecopy":1,"stat.useItem.minecraft.written_book":2,"stat.sprintOneCm":312290,"stat.useItem.rustic.wildberries":3,"stat.mineBlock.randomthings.slimecube":1,"stat.killEntity.ancient_golem":1,"stat.pickup.minecraft.skull":1,"stat.craftItem.minecraft.stick":52,"stat.mineBlock.tropicraft.coconut":10,"stat.useItem.rustic.wind_thistle":2,"stat.useItem.harvestcraft.cottonitem":1,"stat.killEntity.pvj_small_spider":1,"stat.mineBlock.tropicraft.pineapple":2,"stat.mineBlock.harvestcraft.tropicalgarden":1,"stat.mineBlock.rustic.wildberry_bush":1,"stat.mineBlock.dungeontactics.flower_ailment":6,"stat.mineBlock.tropicraft.leaves":34,"stat.mineBlock.embers.ore_tin":9,"stat.craftItem.minecraft.gold_nugget":9,"stat.craftItem.minecraft.stone":32,"stat.useItem.minecraft.wheat_seeds":31,"stat.pickup.thaumcraft.crystal_essence":26,"stat.pickup.thaumcraft.nugget":4,"stat.waystones:waystonesActivated":1,"stat.useItem.minecraft.carrot":1,"stat.useItem.minecraft.wheat":4,"stat.mineBlock.embers.ore_copper":32,"stat.pickup.minecraft.emerald":1,"stat.useItem.minecraft.beef":2,"stat.mineBlock.embers.archaic_light":1,"stat.deaths":2,"stat.drop":9,"stat.playOneMinute":233000,"stat.killEntity.Sheep":3,"stat.mineBlock.mysticalagriculture.prosperity_ore":32,"stat.killEntity.pvj_snail":1,"stat.craftItem.minecraft.iron_pickaxe":2,"stat.craftItem.minecraft.emerald":1,"stat.killEntity.Zombie":22,"stat.craftItem.minecraft.dye":5,"stat.pickup.dungeontactics.magic_powder":14,"stat.pickup.dungeontactics.flower_cinder":2,"stat.mineBlock.minecraft.gold_ore":1,"stat.mineBlock.minecraft.tallgrass":9,"stat.pickup.minecraft.wheat":22,"stat.pickup.embers.ore_tin":9,"stat.pickup.harvestcraft.cottonitem":1,"stat.chestOpened":164,"stat.pickup.minecraft.pumpkin":2,"stat.craftItem.embers.ingot_tin":9,"stat.pickup.rustic.wildberry_bush":1,"stat.pickup.dungeontactics.magic_pouch":1,"stat.useItem.tropicraft.bamboo_chest":1,"stat.craftItem.minecraft.carpet":3,"stat.pickup.tropicraft.pineapple":2,"stat.drop.minecraft.wooden_pickaxe":2,"stat.pickup.thaumcraft.curio":1,"stat.pickup.minecraft.iron_sword":1,"stat.pickup.dungeontactics.bag_ore":1,"stat.useItem.rustic.cloudsbluff":1,"stat.useItem.minecraft.apple":1,"stat.craftItem.pvj.planks_palm":8,"stat.mineBlock.dungeontactics.flower_bark":1,"stat.useItem.minecraft.porkchop":1,"stat.mineBlock.quark.roots_black_flower":1,"stat.pickup.embers.ore_lead":3,"stat.mineBlock.rustic.slate":17,"stat.pickup.dungeontactics.bag_record":1,"stat.pickup.harvestcraft.kohlrabiitem":2,"stat.useItem.minecraft.rotten_flesh":2,"stat.jump":1558,"stat.useItem.minecraft.sand":5,"stat.pickup.minecraft.coal":189,"stat.fallOneCm":33703,"stat.pickup.minecraft.iron_ingot":4,"stat.pickup.minecraft.carrot":1,"stat.useItem.minecraft.stone_axe":127,"stat.crouchOneCm":1426,"stat.pickup.harvestcraft.caulifloweritem":1,"stat.pickup.minecraft.spider_eye":3,"stat.craftItem.minecraft.torch":128,"stat.craftItem.minecraft.iron_ingot":104,"stat.pickup.rustic.grape_stem":5,"stat.useItem.spartanweaponry.boomerang_wood":13,"stat.pickup.minecraft.dirt":14,"stat.useItem.quark.root_flower":5,"stat.pickup.minecraft.experience_bottle":2,"stat.pickup.minecraft.melon":13,"stat.mineBlock.tropicraft.flower":3,"stat.mineBlock.harvestcraft.frostgarden":4,"stat.mineBlock.embers.ore_aluminum":5,"stat.craftingTableInteraction":34,"stat.pickup.minecraft.iron_ore":88,"stat.pickup.minecraft.stone_shovel":1,"stat.pickup.spartanweaponry.boomerang_wood":3,"stat.useItem.minecraft.sapling":1,"stat.pickup.minecraft.gold_ore":1,"stat.pickup.rustic.tomato_seeds":1,"stat.pickup.rustic.wind_thistle":3,"stat.mineBlock.subterraneanswitcheroo.coalronore":8,"stat.pickup.minecraft.wooden_pickaxe":4,"stat.damageTaken":2536,"stat.pickup.minecraft.leather":2,"stat.pickup.minecraft.feather":10,"stat.pickup.dungeontactics.iron_shield":1,"stat.mineBlock.minecraft.melon_block":1,"stat.mineBlock.minecraft.red_flower":2,"stat.mineBlock.minecraft.torch":9,"stat.useItem.minecraft.wooden_pickaxe":4,"stat.tradedWithVillager":2,"stat.mineBlock.dungeontactics.flower_bramble":4,"stat.mineBlock.dungeontactics.flower_cinder":2,"stat.useItem.thaumcraft.brain":1,"stat.pickup.ebwizardry.crystal_flower":8,"stat.pickup.mysticalagriculture.crafting":84,"stat.useItem.dungeontactics.cherry_bomb":3,"stat.pickup.minecraft.iron_leggings":1,"stat.pickup.subterraneanswitcheroo.lapislotus":7,"stat.pickup.harvestcraft.grapeitem":1,"stat.pickup.minecraft.wheat_seeds":34,"stat.mineBlock.dungeontactics.bush_cherrybomb":1,"stat.mineBlock.randomthings.glowingmushroom":10,"stat.pickup.minecraft.potato":1,"stat.useItem.harvestcraft.rutabagaitem":2,"stat.useItem.minecraft.stone_pickaxe":132,"stat.useItem.minecraft.stone_sword":135,"stat.pickup.embers.ore_aluminum":5,"stat.killEntity.pvj_goon":1,"stat.damageDealt":11486,"stat.pickup.tropicraft.coconut":20,"stat.sleepInBed":1,"stat.pickup.harvestcraft.oatsitem":2,"stat.killEntity.Silverfish":2,"stat.killEntity.Cow":1,"stat.useItem.harvestcraft.spinachitem":1,"stat.mineBlock.quark.roots_blue_flower":2,"stat.mineBlock.minecraft.dirt":3,"stat.killEntity.Pig":1,"stat.craftItem.minecraft.iron_sword":1,"stat.useItem.minecraft.air":38,"stat.craftItem.minecraft.stone_shovel":1,"stat.useItem.skewers.skewer_beef_raw":1,"stat.walkOneCm":587067,"stat.useItem.minecraft.bread":3,"stat.pickup.rustic.bee":4,"stat.useItem.minecraft.torch":164,"stat.useItem.quark.custom_chest":1,"stat.pickup.minecraft.stick":31,"stat.pickup.pvj.goon_bile":4,"stat.killEntity.pvj_shade":9,"stat.craftItem.quark.custom_chest":2,"stat.pickup.minecraft.spectral_arrow":3,"stat.pickup.harvestcraft.cabbageitem":1,"stat.pickup.minecraft.clay_ball":4,"stat.useItem.minecraft.cobblestone":10,"stat.craftItem.minecraft.crafting_table":4,"stat.pickup.pvj.log_palm":2,"stat.drop.rustic.cloudsbluff":1,"stat.mineBlock.minecraft.double_plant":1,"stat.pickup.harvestcraft.cantaloupeitem":1,"stat.mineBlock.thaumcraft.crystal_aer":4,"stat.useItem.harvestcraft.oatsitem":2,"stat.mineBlock.ebwizardry.crystal_ore":2,"stat.pickup.harvestcraft.celeryitem":1,"stat.pickup.minecraft.log":91,"stat.craftItem.embers.ingot_aluminum":5,"stat.useItem.minecraft.melon":1,"stat.pickup.ebwizardry.wizard_robe":2,"stat.pickup.dungeontactics.flower_ailment":13,"stat.pickup.quark.root_flower":5,"stat.mineBlock.tropicraft.bamboo_shoot":3,"stat.craftItem.minecraft.gold_ingot":1,"stat.pickup.minecraft.stone":4,"stat.useItem.harvestcraft.cabbageitem":1,"stat.pickup.minecraft.chicken":2,"stat.pickup.embers.archaic_edge":2,"stat.pickup.minecraft.tipped_arrow":3,"stat.useItem.pvj.raw_duck":1,"stat.pickup.minecraft.ender_pearl":2,"stat.pickup.minecraft.sapling":2,"stat.craftItem.embers.ingot_lead":3,"stat.mineBlock.rustic.mooncap_mushroom":4,"stat.pickup.minecraft.gold_ingot":2,"stat.useItem.harvestcraft.caulifloweritem":1,"stat.pickup.roughtweaks.salve":1,"stat.pickup.thaumcraft.ore_cinnabar":5,"stat.drop.extrautils2.fakecopy":1,"stat.useItem.harvestcraft.cantaloupeitem":1,"stat.pickup.subterraneanswitcheroo.coalron":7,"stat.craftItem.minecraft.planks":48,"stat.useItem.minecraft.iron_sword":130,"stat.killEntity.Chicken":3,"stat.pickup.harvestcraft.queenbeeitem":2,"stat.mineBlock.thaumcraft.crystal_ordo":2,"stat.killEntity.Spider":3,"stat.useItem.harvestcraft.celeryitem":1,"stat.pickup.minecraft.bread":13,"stat.pickup.minecraft.stone_sword":1,"stat.pickup.embers.ore_copper":32,"stat.pickup.harvestcraft.rutabagaitem":2,"stat.pickup.tropicraft.log":14,"stat.mobKills":48,"stat.drop.thaumcraft.crystal_essence":2,"stat.mineBlock.minecraft.log":49,"stat.pickup.minecraft.quartz":7,"stat.pickup.megaloot.tool_axe":1,"stat.pickup.randomthings.glowingmushroom":22,"stat.pickup.embers.ancient_motive_core":1,"stat.pickup.minecraft.diamond":1,"stat.mineBlock.minecraft.leaves":15,"stat.pickup.dungeontactics.bag_quiver":2,"stat.useItem.harvestcraft.kohlrabiitem":1,"stat.pickup.minecraft.torch":25,"stat.pickup.minecraft.red_flower":2,"stat.pickup.thaumcraft.brain":1,"stat.sneakTime":495,"stat.pickup.thaumcraft.amber":33,"stat.pickup.minecraft.wool":3,"stat.craftItem.thaumcraft.quicksilver":6,"stat.mineBlock.rustic.wind_thistle":1,"stat.mineBlock.minecraft.stone":62,"stat.mineBlock.thaumcraft.ore_cinnabar":5}