{"stat.useItem.minecraft.bow":65,"stat.pickup.dungeontactics.bag_magic":1,"stat.leaveGame":9,"stat.pickup.cyclicmagic.evoker_fang":2,"stat.mineBlock.ebwizardry.crystal_flower":40,"stat.pickup.harvestcraft.soybeanitem":1,"stat.pickup.dungeontactics.cherry_bomb":3,"stat.pickup.ebwizardry.spell_book":5,"stat.craftItem.minecraft.string":8,"stat.pickup.pvj.slime_droplet":7,"stat.useItem.minecraft.mutton":1,"stat.mineBlock.minecraft.web":3,"stat.pickup.minecraft.glowstone_dust":2,"stat.pickup.minecraft.porkchop":23,"stat.drop.cyclicmagic.evoker_fang":1,"stat.pickup.xreliquary.mob_ingredient":4,"stat.pickup.minecraft.glass":9,"stat.pickup.rustic.cloudsbluff":1,"stat.useItem.harvestcraft.soybeanitem":1,"stat.pickup.minecraft.rotten_flesh":11,"stat.pickup.minecraft.sand":12,"stat.useItem.heroicarmory.terrariakatana":129,"stat.drop.minecraft.leather_boots":1,"stat.pickup.pvj.spectral_wrappings":6,"stat.killEntity.Enderman":1,"stat.craftItem.minecraft.stone_sword":1,"stat.pickup.minecraft.chainmail_chestplate":1,"stat.mineBlock.minecraft.sand":6,"stat.pickup.pvj.raw_duck":4,"stat.craftItem.minecraft.cooked_fish":1,"stat.drop.ebwizardry.spell_book":2,"stat.pickup.quark.tallow":24,"stat.pickup.embers.archaic_bricks":2,"stat.useItem.minecraft.iron_pickaxe":155,"stat.craftItem.minecraft.wooden_pickaxe":1,"stat.craftItem.minecraft.bed":1,"stat.mineBlock.minecraft.vine":6,"stat.mineBlock.embers.archaic_bricks":4,"stat.furnaceInteraction":65,"stat.useItem.harvestcraft.arrowrootitem":2,"stat.killEntity.ZombieVillager":2,"stat.pickup.embers.archaic_brick":9,"stat.craftItem.improvedbackpacks.tanned_leather":4,"stat.pickup.minecraft.beef":6,"stat.pickup.minecraft.furnace":1,"stat.useItem.harvestcraft.eggplantitem":1,"stat.pickup.randomthings.slimecube":1,"stat.pickup.extrautils2.fakecopy":1,"stat.pickup.minecraft.skull":4,"stat.killEntity.pvj_small_spider":2,"stat.craftItem.pvj.cooked_duck":1,"stat.mineBlock.tropicraft.pineapple":3,"stat.mineBlock.harvestcraft.tropicalgarden":2,"stat.drop.subterraneanswitcheroo.coalron":1,"stat.pickup.thaumcraft.crystal_essence":150,"stat.pickup.thaumcraft.nugget":2,"stat.useItem.minecraft.pumpkin_pie":1,"stat.pickup.minecraft.emerald":1,"stat.deaths":2,"stat.playOneMinute":313055,"stat.pickup.harvestcraft.arrowrootitem":2,"stat.killEntity.pvj_snail":6,"stat.craftItem.minecraft.iron_pickaxe":1,"stat.pickup.minecraft.iron_bars":6,"stat.drop.minecraft.iron_ingot":3,"stat.mineBlock.minecraft.tallgrass":12,"stat.craftItem.minecraft.cooked_mutton":9,"stat.pickup.dungeontactics.bag_food":1,"stat.pickup.minecraft.cooked_mutton":9,"stat.chestOpened":170,"stat.useItem.minecraft.fish":1,"stat.pickup.minecraft.arrow":14,"stat.pickup.minecraft.iron_sword":2,"stat.pickup.dungeontactics.bag_ore":1,"stat.useItem.rustic.cloudsbluff":1,"stat.pickup.harvestcraft.coffeebeanitem":1,"stat.pickup.levelup2.skillbook":1,"stat.useItem.minecraft.experience_bottle":17,"stat.fallOneCm":22855,"stat.crouchOneCm":991,"stat.craftItem.skewers.skewer_beef_cooked":6,"stat.craftItem.minecraft.chest":2,"stat.craftItem.minecraft.iron_ingot":20,"stat.craftingTableInteraction":25,"stat.mineBlock.dungeontactics.flower_tangle":3,"stat.pickup.minecraft.feather":3,"stat.pickup.minecraft.dye":14,"stat.pickup.minecraft.planks":56,"stat.useItem.minecraft.stone_pickaxe":95,"stat.pickup.waystones.waystone":1,"stat.useItem.minecraft.stone_sword":71,"stat.pickup.dungeontactics.throwing_knife_caustic":11,"stat.killEntity.pvj_duck":4,"stat.useItem.skewers.skewer_beef_raw":1,"stat.useItem.minecraft.bread":12,"stat.pickup.minecraft.iron_nugget":26,"stat.killEntity.pvj_shade":1,"stat.pickup.minecraft.crafting_table":4,"stat.useItem.minecraft.cobblestone":33,"stat.craftItem.minecraft.crafting_table":1,"stat.mineBlock.thaumcraft.crystal_aer":18,"stat.pickup.minecraft.iron_hoe":1,"stat.pickup.minecraft.log":14,"stat.useItem.minecraft.cooked_fish":1,"stat.pickup.dungeontactics.heart_jar":1,"stat.useItem.dungeontactics.flower_bramble":3,"stat.pickup.minecraft.compass":1,"stat.pickup.minecraft.iron_pickaxe":1,"stat.mineBlock.embers.ore_silver":1,"stat.pickup.dungeontactics.bag_tool":1,"stat.pickup.minecraft.apple":1,"stat.craftItem.extraalchemy.potion_bag":1,"stat.pickup.improvedbackpacks.backpack":21,"stat.craftItem.minecraft.planks":44,"stat.useItem.minecraft.iron_sword":26,"stat.mineBlock.thaumcraft.crystal_ordo":8,"stat.pickup.minecraft.stone_sword":1,"stat.pickup.dungeontactics.flower_tangle":3,"stat.mineBlock.minecraft.log":11,"stat.pickup.embers.ancient_motive_core":2,"stat.killEntity.pvj_ghost":6,"stat.pickup.minecraft.red_flower":1,"stat.pickup.dungeontactics.throwing_knife_poison":1,"stat.sneakTime":1242,"stat.pickup.rustic.chili_pepper_seeds":3,"stat.pickup.minecraft.wool":9,"stat.mineBlock.thaumcraft.crystal_perditio":1,"stat.useItem.minecraft.baked_potato":7,"stat.pickup.minecraft.chest":1,"stat.mineBlock.thaumcraft.ore_cinnabar":1,"stat.drop.minecraft.stone_pickaxe":1,"stat.cakeSlicesEaten":3,"stat.pickup.extraalchemy.potion_bag":1,"stat.pickup.minecraft.bone":43,"stat.mineBlock.quark.variant_leaves":1,"stat.pickup.tropicraft.pineapple_cubes":4,"stat.mineBlock.minecraft.cobblestone":3,"stat.drop.minecraft.mossy_cobblestone":4,"stat.pickup.minecraft.leather_chestplate":1,"stat.mineBlock.charm.crate_sealed":2,"stat.swimOneCm":2519,"stat.mineBlock.quark.glowcelium":1,"stat.climbOneCm":40083,"stat.useItem.minecraft.dirt":7,"stat.pickup.minecraft.bow":1,"stat.craftItem.minecraft.furnace":1,"stat.pickup.roughtweaks.plaster":2,"stat.craftItem.minecraft.lapis_block":1,"stat.useItem.harvestcraft.bambooshootitem":1,"stat.pickup.harvestcraft.bambooshootitem":1,"stat.pickup.dungeontactics.flower_bramble":5,"stat.pickup.minecraft.pumpkin_pie":1,"stat.craftItem.minecraft.iron_boots":1,"stat.craftItem.minecraft.stone_pickaxe":1,"stat.mineBlock.subterraneanswitcheroo.lapislotus":1,"stat.craftItem.minecraft.cooked_beef":6,"stat.pickup.minecraft.cobblestone":132,"stat.craftItem.improvedbackpacks.bound_leather":4,"stat.flyOneCm":196801,"stat.craftItem.minecraft.glass_bottle":3,"stat.pickup.minecraft.glass_bottle":3,"stat.pickup.dungeontactics.flower_fade":3,"stat.useItem.minecraft.cooked_beef":5,"stat.pickup.minecraft.redstone":2,"stat.mineBlock.minecraft.iron_ore":21,"stat.timeSinceDeath":42105,"stat.mineBlock.embers.archaic_edge":2,"stat.pickup.minecraft.mutton":15,"stat.pickup.minecraft.mossy_cobblestone":6,"stat.craftItem.ebwizardry.magic_crystal":80,"stat.useItem.minecraft.potato":1,"stat.useItem.minecraft.cooked_porkchop":6,"stat.pickup.minecraft.iron_shovel":1,"stat.mineBlock.minecraft.coal_ore":22,"stat.pickup.ebwizardry.smoke_bomb":1,"stat.killEntity.Creeper":5,"stat.talkedToVillager":3,"stat.pickup.extrautils2.ingredients":1,"stat.pickup.minecraft.string":14,"stat.mineBlock.minecraft.grass":6,"stat.drop.dungeontactics.cherry_bomb":2,"stat.pickup.tombstone.crafting_ingredient":9,"stat.useItem.minecraft.written_book":2,"stat.sprintOneCm":736266,"stat.killEntity.ancient_golem":2,"stat.craftItem.minecraft.stick":12,"stat.pickup.embers.ore_silver":1,"stat.mineBlock.dungeontactics.silver_ore":1,"stat.mineBlock.minecraft.diamond_ore":19,"stat.mineBlock.minecraft.crafting_table":4,"stat.useItem.minecraft.diamond_pickaxe":4,"stat.useItem.minecraft.carrot":2,"stat.pickup.dungeontactics.bag_arbour":1,"stat.useItem.minecraft.wheat":1,"stat.useItem.skewers.skewer_beef_cooked":1,"stat.mineBlock.minecraft.planks":1,"stat.drop":23,"stat.mineBlock.thaumcraft.crystal_aqua":2,"stat.killEntity.Sheep":16,"stat.craftItem.minecraft.diamond_pickaxe":2,"stat.killEntity.Zombie":11,"stat.diveOneCm":7912,"stat.pickup.harvestcraft.eggplantitem":1,"stat.mineBlock.minecraft.mossy_cobblestone":3,"stat.pickup.doggytalents.whistle":2,"stat.pickup.minecraft.record_strad":1,"stat.pickup.tropicraft.pineapple":3,"stat.drop.minecraft.wooden_pickaxe":1,"stat.craftItem.minecraft.cooked_porkchop":22,"stat.useItem.minecraft.apple":1,"stat.useItem.harvestcraft.coffeebeanitem":1,"stat.useItem.minecraft.porkchop":1,"stat.entityKilledBy.pvj_skeletal_knight":2,"stat.pickup.dungeontactics.bag_record":2,"stat.useItem.minecraft.rotten_flesh":1,"stat.jump":1776,"stat.useItem.minecraft.sand":5,"stat.mineBlock.dungeontactics.flower_fade":3,"stat.pickup.minecraft.coal":22,"stat.pickup.uniquecrops.seednormal":1,"stat.pickup.minecraft.iron_ingot":9,"stat.pickup.ebwizardry.poison_bomb":1,"stat.pickup.minecraft.gunpowder":1,"stat.pickup.minecraft.spider_eye":6,"stat.pickup.minecraft.dirt":15,"stat.craftItem.minecraft.iron_helmet":1,"stat.pickup.minecraft.experience_bottle":1,"stat.drop.minecraft.glass":3,"stat.useItem.minecraft.cooked_chicken":2,"stat.pickup.minecraft.iron_ore":23,"stat.mineBlock.minecraft.lapis_ore":2,"stat.mineBlock.subterraneanswitcheroo.coalronore":1,"stat.damageTaken":2475,"stat.pickup.minecraft.leather":19,"stat.pickup.ebwizardry.scroll":1,"stat.mineBlock.minecraft.furnace":1,"stat.useItem.minecraft.wooden_pickaxe":27,"stat.dispenserInspected":8,"stat.mineBlock.dungeontactics.flower_bramble":5,"stat.pickup.ebwizardry.crystal_flower":40,"stat.pickup.mysticalagriculture.crafting":13,"stat.useItem.dungeontactics.cherry_bomb":1,"stat.killEntity.CaveSpider":2,"stat.pickup.subterraneanswitcheroo.lapislotus":1,"stat.pickup.minecraft.bed":9,"stat.mineBlock.randomthings.glowingmushroom":1,"stat.damageDealt":18219,"stat.craftItem.minecraft.glass":6,"stat.drop.minecraft.cooked_chicken":2,"stat.sleepInBed":9,"stat.craftItem.minecraft.baked_potato":7,"stat.killEntity.Silverfish":1,"stat.killEntity.Cow":3,"stat.killEntity.Pig":9,"stat.useItem.minecraft.air":62,"stat.walkOneCm":970786,"stat.useItem.cyclicmagic.corrupted_chorus":1,"stat.pickup.minecraft.stick":11,"stat.pickup.cyclicmagic.corrupted_chorus":1,"stat.killEntity.pvj_skeletal_knight":11,"stat.useItem.minecraft.melon":1,"stat.drop.minecraft.leather_chestplate":2,"stat.pickup.minecraft.stone":2,"stat.pickup.embers.archaic_edge":1,"stat.craftItem.improvedbackpacks.backpack":1,"stat.pickup.minecraft.ender_pearl":3,"stat.pickup.dungeontactics.silver_ore":1,"stat.mineBlock.thaumcraft.crystal_ignis":14,"stat.pickup.minecraft.cooked_beef":1,"stat.pickup.minecraft.gold_ingot":1,"stat.killEntity.Skeleton":8,"stat.pickup.minecraft.record_mellohi":1,"stat.pickup.thaumcraft.ore_cinnabar":1,"stat.pickup.subterraneanswitcheroo.coalron":1,"stat.killEntity.Spider":8,"stat.mineBlock.waystones.waystone":1,"stat.mineBlock.minecraft.glowstone":1,"stat.mobKills":105,"stat.useItem.thaumcraft.curio":1,"stat.pickup.minecraft.quartz":1,"stat.useItem.minecraft.golden_apple":1,"stat.pickup.randomthings.glowingmushroom":2,"stat.pickup.minecraft.diamond":23,"stat.mineBlock.minecraft.leaves":7,"stat.useItem.harvestcraft.kohlrabiitem":1,"stat.pickup.minecraft.torch":1,"stat.useItem.dungeontactics.iron_battleaxe":262,"stat.mineBlock.rustic.wind_thistle":1,"stat.mineBlock.minecraft.stone":138}