{"stat.pickup.harvestcraft.eggplantitem":1,"stat.chestOpened":160,"stat.pickup.minecraft.bone":34,"stat.leaveGame":2,"stat.pickup.heroicarmory.mhwyvernbladepale":1,"stat.pickup.minecraft.iron_sword":2,"stat.craftItem.minecraft.cooked_porkchop":8,"stat.mineBlock.thaumcraft.ore_quartz":1,"stat.pickup.dungeontactics.bag_ore":2,"stat.pickup.quark.glowshroom":5,"stat.pickup.subterraneanswitcheroo.redironclump":1,"stat.pickup.harvestcraft.coffeebeanitem":1,"stat.pickup.dungeontactics.cherry_bomb":24,"stat.pickup.roughtweaks.bandage":1,"stat.useItem.harvestcraft.coffeebeanitem":1,"stat.entityKilledBy.pvj_skeletal_knight":1,"stat.pickup.ebwizardry.spell_book":1,"stat.pickup.harvestcraft.pineappleitem":1,"stat.pickup.ebwizardry.basic_healing_wand":1,"stat.pickup.dungeontactics.bag_record":2,"stat.useItem.minecraft.rotten_flesh":4,"stat.useItem.minecraft.quartz_ore":1,"stat.pickup.pvj.slime_droplet":1,"stat.jump":989,"stat.pickup.minecraft.iron_helmet":1,"stat.pickup.minecraft.coal":19,"stat.fallOneCm":17530,"stat.climbOneCm":6912,"stat.pickup.scalinghealth.crystalshard":1,"stat.pickup.randomthings.beans":2,"stat.mineBlock.quark.glowshroom":5,"stat.mineBlock.minecraft.web":23,"stat.pickup.minecraft.porkchop":12,"stat.pickup.minecraft.gunpowder":1,"stat.mineBlock.quark.roots":1,"stat.pickup.xreliquary.mob_ingredient":1,"stat.crouchOneCm":1097,"stat.mineBlock.minecraft.chest":1,"stat.pickup.minecraft.spider_eye":1,"stat.craftItem.minecraft.chest":2,"stat.craftItem.minecraft.iron_ingot":8,"stat.pickup.dungeontactics.bag_potion":1,"stat.pickup.minecraft.dirt":25,"stat.useItem.minecraft.dirt":2,"stat.craftingTableInteraction":10,"stat.pickup.minecraft.iron_ore":8,"stat.pickup.minecraft.rotten_flesh":14,"stat.pickup.iceandfire.amphithere_feather":4,"stat.useItem.harvestcraft.gingeritem":1,"stat.mineBlock.subterraneanswitcheroo.redironore":1,"stat.entityKilledBy.Spider":2,"stat.useItem.harvestcraft.bambooshootitem":1,"stat.pickup.harvestcraft.bambooshootitem":1,"stat.pickup.rustic.wind_thistle":2,"stat.pickup.minecraft.emerald_ore":2,"stat.pickup.minecraft.cookie":6,"stat.pickup.dungeontactics.flower_bramble":1,"stat.drop.minecraft.leather_boots":1,"stat.damageTaken":3314,"stat.pickup.minecraft.leather":11,"stat.pickup.ebwizardry.scroll":1,"stat.pickup.pvj.spectral_wrappings":9,"stat.craftItem.minecraft.stone_pickaxe":2,"stat.mineBlock.minecraft.torch":1,"stat.dispenserInspected":4,"stat.craftItem.minecraft.cooked_beef":4,"stat.pickup.ebwizardry.identification_scroll":2,"stat.entityKilledBy.ancient_golem":1,"stat.mineBlock.dungeontactics.flower_bramble":1,"stat.drop.prefab.item_start_house":1,"stat.pickup.minecraft.cobblestone":46,"stat.pickup.minecraft.leather_boots":2,"stat.pickup.mysticalagriculture.crafting":34,"stat.useItem.dungeontactics.cherry_bomb":22,"stat.flyOneCm":155328,"stat.pickup.pvj.raw_duck":1,"stat.pickup.minecraft.potato":1,"stat.pickup.prefab.item_start_house":1,"stat.useItem.minecraft.stone_pickaxe":45,"stat.useItem.minecraft.cooked_beef":4,"stat.pickup.ebwizardry.wizard_leggings_sorcery":1,"stat.pickup.quark.tallow":14,"stat.damageDealt":14389,"stat.mineBlock.minecraft.iron_ore":8,"stat.sleepInBed":5,"stat.timeSinceDeath":24014,"stat.pickup.minecraft.quartz_ore":2,"stat.killEntity.Cow":3,"stat.pickup.embers.archaic_bricks":1,"stat.useItem.minecraft.spawn_egg":1,"stat.pickup.dungeontactics.throwing_knife_caustic":11,"stat.killEntity.Pig":6,"stat.pickup.minecraft.mutton":5,"stat.killEntity.pvj_duck":1,"stat.useItem.minecraft.air":8,"stat.useItem.skewers.skewer_beef_raw":1,"stat.useItem.quark.root":1,"stat.walkOneCm":538718,"stat.useItem.minecraft.bread":12,"stat.useItem.minecraft.torch":26,"stat.useItem.quark.custom_chest":1,"stat.pickup.harvestcraft.gingeritem":1,"stat.useItem.minecraft.potato":4,"stat.pickup.minecraft.diamond_pickaxe":1,"stat.killEntity.pvj_shade":5,"stat.craftItem.quark.custom_chest":2,"stat.furnaceInteraction":9,"stat.useItem.minecraft.cooked_porkchop":9,"stat.pickup.harvestcraft.cantaloupeitem":1,"stat.mineBlock.thaumcraft.crystal_aer":1,"stat.mineBlock.minecraft.coal_ore":19,"stat.pickup.dungeontactics.flower_feather":2,"stat.killEntity.pvj_skeletal_knight":17,"stat.pickup.embers.archaic_brick":11,"stat.entityKilledBy.pvj_shade":1,"stat.pickup.minecraft.log":8,"stat.pickup.minecraft.string":26,"stat.craftItem.minecraft.leather_helmet":1,"stat.pickup.dungeontactics.heart_jar":1,"stat.mineBlock.minecraft.grass":1,"stat.pickup.ebwizardry.wizard_robe":1,"stat.pickup.minecraft.beef":6,"stat.pickup.minecraft.iron_pickaxe":1,"stat.useItem.minecraft.cooked_mutton":2,"stat.pickup.tombstone.crafting_ingredient":2,"stat.killEntity.amphithere":1,"stat.mineBlock.dungeontactics.flower_feather":2,"stat.craftItem.minecraft.iron_chestplate":1,"stat.drop.minecraft.sapling":1,"stat.useItem.harvestcraft.eggplantitem":1,"stat.drop.minecraft.potato":2,"stat.pickup.minecraft.sapling":7,"stat.pickup.minecraft.ender_pearl":1,"stat.pickup.dungeontactics.silver_ore":1,"stat.sprintOneCm":227657,"stat.useItem.harvestcraft.kiwiitem":1,"stat.killEntity.ancient_golem":1,"stat.useItem.harvestcraft.sesameseedsitem":2,"stat.pickup.minecraft.skull":1,"stat.craftItem.iceandfire.bestiary":1,"stat.craftItem.minecraft.stick":4,"stat.pickup.harvestcraft.sesameseedsitem":2,"stat.pickup.minecraft.gold_ingot":1,"stat.mineBlock.harvestcraft.tropicalgarden":3,"stat.pickup.minecraft.record_mellohi":2,"stat.pickup.roughtweaks.salve":1,"stat.useItem.harvestcraft.cantaloupeitem":1,"stat.useItem.minecraft.iron_sword":597,"stat.craftItem.minecraft.planks":32,"stat.pickup.subterraneanswitcheroo.coalron":1,"stat.pickup.minecraft.potion":1,"stat.pickup.thaumcraft.crystal_essence":4,"stat.pickup.quark.root":1,"stat.killEntity.Spider":8,"stat.pickup.harvestcraft.kiwiitem":1,"stat.pickup.minecraft.bread":16,"stat.useItem.minecraft.diamond_pickaxe":1,"stat.mineBlock.minecraft.quartz_ore":1,"stat.mobKills":54,"stat.pickup.minecraft.emerald":1,"stat.useItem.harvestcraft.pineappleitem":1,"stat.mineBlock.minecraft.log":9,"stat.pickup.minecraft.quartz":1,"stat.deaths":5,"stat.drop":21,"stat.pickup.embers.ancient_motive_core":1,"stat.mineBlock.minecraft.leaves":47,"stat.playOneMinute":175652,"stat.pickup.minecraft.torch":2,"stat.killEntity.Sheep":3,"stat.mineBlock.mysticalagriculture.prosperity_ore":9,"stat.killEntity.pvj_snail":1,"stat.pickup.thaumcraft.brain":1,"stat.sneakTime":468,"stat.pickup.minecraft.wool":3,"stat.killEntity.Zombie":6,"stat.drop.minecraft.torch":15,"stat.mineBlock.rustic.wind_thistle":1,"stat.drop.ebwizardry.scroll":1,"stat.mineBlock.minecraft.stone":1,"stat.mineBlock.minecraft.tallgrass":1,"stat.craftItem.minecraft.cooked_mutton":5,"stat.pickup.minecraft.chest":1,"stat.pickup.ftbquests.book":1}