{"stat.drop.ftbquests.book":1,"stat.useItem.minecraft.air":2,"stat.walkOneCm":162001,"stat.leaveGame":1,"stat.mineBlock.minecraft.vine":1,"stat.pickup.minecraft.crafting_table":1,"stat.craftItem.minecraft.crafting_table":1,"stat.mineBlock.minecraft.coal_ore":18,"stat.pickup.levelup2.skillbook":1,"stat.pickup.minecraft.log":45,"stat.jump":268,"stat.pickup.minecraft.coal":18,"stat.climbOneCm":893,"stat.fallOneCm":4742,"stat.useItem.minecraft.cooked_mutton":6,"stat.drop.levelup2.skillbook":1,"stat.mineBlock.tropicraft.bamboo_shoot":1,"stat.pickup.minecraft.porkchop":7,"stat.crouchOneCm":97,"stat.pickup.minecraft.chicken":2,"stat.sprintOneCm":64098,"stat.craftItem.minecraft.stick":6,"stat.craftItem.minecraft.wooden_axe":1,"stat.craftingTableInteraction":1,"stat.craftItem.minecraft.planks":170,"stat.killEntity.Chicken":2,"stat.damageTaken":140,"stat.mineBlock.minecraft.crafting_table":1,"stat.pickup.minecraft.feather":10,"stat.useItem.minecraft.wooden_pickaxe":22,"stat.mobKills":5,"stat.drop.prefab.item_start_house":1,"stat.craftItem.minecraft.wooden_sword":1,"stat.mineBlock.minecraft.log":45,"stat.flyOneCm":8020,"stat.drop":3,"stat.mineBlock.minecraft.leaves":11,"stat.playOneMinute":33444,"stat.useItem.minecraft.wooden_sword":16,"stat.pickup.prefab.item_start_house":1,"stat.sneakTime":125,"stat.pickup.quark.tallow":7,"stat.damageDealt":379,"stat.timeSinceDeath":33444,"stat.pickup.tropicraft.bamboo_shoot":6,"stat.useItem.minecraft.wooden_axe":41,"stat.killEntity.Pig":3,"stat.craftItem.minecraft.wooden_pickaxe":1,"stat.mineBlock.minecraft.tallgrass":2,"stat.pickup.minecraft.cooked_mutton":9,"stat.pickup.ftbquests.book":1}